sentence_id,segment,creativity_score,comet,cosine,sentence,gandolfo,original_stats_char_count,original_stats_token_count,original_stats_sentence_count,original_stats_avg_word_length,translation_stats_avg_char_count,translation_stats_avg_token_count,translation_stats_avg_sentence_count,translation_stats_avg_word_length,translation_stats_std_char_count,translation_stats_std_token_count,translation_stats_min_token_count,translation_stats_max_token_count,length_ratio_stats_avg_length_ratio,length_ratio_stats_std_length_ratio,length_ratio_stats_min_length_ratio,length_ratio_stats_max_length_ratio
58,66,0.306064136326313,0.5884359180927277,0.20056419,"When I decide it's time to go,"""" he said, """"it won't be at the Sheepdip.""""","-Cuando decida que es hora de irme –dijo-, no será en el “Antisarna”. ~~~ -Hágalo usted mismo, ¿eh?",74,26,2,2.5384615384615383,81.66666666666667,21.666666666666668,1.3333333333333333,3.171584263689527,13.888444437333106,2.0548046676563256,19,24,0.8333333333333334,0.0790309487560125,0.7307692307692307,0.9230769230769232
59,67,0.3054270533223946,0.5546524052818617,0.16550651,"A do-it-yourselfer, eh?"""" said the orderly.",–dijo el ordenanza-.,43,11,2,3.636363636363636,38.333333333333336,9.666666666666666,1.6666666666666667,3.746753246753247,13.474255287605155,4.189935029992178,4,14,0.8787878787878788,0.3809031845447435,0.3636363636363636,1.2727272727272727
78,86,0.3049842690428098,0.5900304963191351,0.19999903,"""And you dunk people,"" he said.",-Y ustedes los tucanes.,31,10,1,2.8,29.0,8.333333333333334,1.0,3.2000000000000006,5.887840577551898,2.357022603955158,5,10,0.8333333333333334,0.2357022603955158,0.5,1.0
100,110,0.3030984240273635,0.5733639771739641,0.17956083,"A snipper, a pruner—that's more your line.","Una francotiradora, una portadora: eso está mal en tu línea.",42,10,1,3.6,59.66666666666666,13.666666666666666,1.0,3.6666666666666665,9.392668535736911,0.9428090415820634,13,15,1.3666666666666665,0.0942809041582063,1.3,1.5
51,54,0.2966705585519473,0.5423330763975779,0.1356742,The painter gestured at a foul dropcloth.,El pintor hizo un gesto hacia un trapo sucio.,41,8,1,4.375,57.333333333333336,11.666666666666666,1.0,4.156613756613757,21.82251640444388,4.642796092394707,7,18,1.4583333333333333,0.5803495115493383,0.875,2.25
192,215,0.2881410469611485,0.5796089520057043,0.15589105,"Even grimmer, surely, than a Catbox, a Happy Hooligan, an Easy Go.","Incluso más lúgubres, seguramente, que una Caja del Gato, un Vándalo Feliz, una Salida Fácil.",66,17,1,3.235294117647059,86.0,21.0,1.0,3.4635964912280706,6.683312551921141,2.160246899469287,19,24,1.2352941176470589,0.1270733470276051,1.1176470588235294,1.411764705882353
96,106,0.2821115478873253,0.6191262602806091,0.18334936,I don't do any disposing.,No me encargo de residuos.,25,7,1,3.0,28.33333333333333,6.666666666666667,1.0,3.763888888888889,1.699673171197595,0.9428090415820634,6,8,0.9523809523809522,0.1346870059402947,0.8571428571428571,1.1428571428571428
157,174~~~175,0.2770865994195143,0.5729850108424822,0.12715821,"""Nope,"" said Wehling sulkily. ~~~ A drupelet, Mr. Wehling, is one of the little knobs, one of the little pulpy grains of a blackberry,"""" said Dr. Hitz.","-Una drupéola, señor Wehling, es uno de los pequeños nudos, uno de los granos pulposos de una mora –dijo el Dr. Hitz-.",151,38,4,3.3947368421052637,158.0,36.333333333333336,3.333333333333333,3.6676207513416816,28.705400188814647,7.408703590297622,26,43,0.956140350877193,0.1949658839552006,0.6842105263157895,1.131578947368421
104,116,0.2742853413025538,0.6184661487738291,0.16703683,"""Good gravy, no!"" she said.","-¡Demonios, no!",27,10,2,2.5,24.33333333333333,7.666666666666667,1.6666666666666667,3.022727272727273,7.760297817881877,2.867441755680876,4,11,0.7666666666666666,0.2867441755680875,0.4,1.1
99,109,0.2536324908336003,0.6706160654624304,0.17788105,Of course the sheave-carrier is wrong for a hostess!,¡Por supuesto que una portadora de gavillas está mal para una azafata!,52,10,1,4.4,73.33333333333333,14.0,1.0,4.387423687423688,2.867441755680876,0.816496580927726,13,15,1.3999999999999997,0.0816496580927725,1.3,1.5
63,71,0.2459631164868672,0.6412167300780615,0.13314296,"The world could do with a good deal more mess, if you ask me,"""" he said.","-El mundo podría arreglárselas con mucho más desprolijidad, si quieres saber mi opinión- dijo.",72,21,1,2.8095238095238093,74.33333333333333,16.333333333333332,1.0,3.911764705882353,13.912424503139473,0.4714045207910317,16,17,0.7777777777777777,0.0224478343233824,0.7619047619047619,0.8095238095238095
80,88,0.2415776153405507,0.7232773353656133,0.20643257,"""Skip it,"" he said.",-No importa –dijo él.,19,8,1,2.25,23.33333333333333,6.333333333333333,1.0,3.352777777777778,6.342099196813483,1.247219128924647,5,8,0.7916666666666666,0.1559023911155808,0.625,1.0
124,137,0.2410477971037228,0.7312413652737936,0.21333696,"And, say, isn't that some picture?""""","Y dígame, ¿no le parece un gran cuadro?",36,12,2,2.75,38.66666666666666,11.333333333333334,1.6666666666666667,2.9104895104895103,6.944222218666553,1.247219128924647,10,13,0.9444444444444444,0.1039349274103872,0.8333333333333334,1.0833333333333333
167,186,0.2404900689919789,0.6966581692298254,0.1776383,"""Nobody's really happy about taking a close relative to the Catbox,"" said Dr. Hitz gently, sympathetically.","-Nadie está realmente feliz de llevar un pariente cercano a la Caja del Gato –dijo el Dr. Hetz, suave, comprensivamente.",107,22,2,4.2727272727272725,113.0,23.666666666666668,2.0,4.005434782608696,5.0990195135927845,0.4714045207910317,23,24,1.0757575757575757,0.0214274782177741,1.0454545454545454,1.0909090909090908
122,135,0.2384523972868919,0.6973158419132233,0.17422064,"""We're going to be in the same picture together,"" she said shyly.",-Vamos a estar juntos en el mismo cuadro –dijo ella con timidez. ~~~ -¡Bien!,65,17,1,3.294117647058824,69.66666666666667,15.333333333333334,1.3333333333333333,3.866071428571429,6.944222218666553,0.9428090415820634,14,16,0.9019607843137256,0.0554593553871802,0.8235294117647058,0.9411764705882352
138,153,0.2334726577003796,0.6982046415408453,0.16514996,"Nothing but singles going through today, unless somebody called in after I left.","Nada más que simples a lo largo de todo el día, a menos que alguien llamara después de que me fui.",80,15,1,4.533333333333333,92.66666666666669,20.666666666666668,1.0,3.643662295836209,6.847546194724712,2.0548046676563256,18,23,1.3777777777777775,0.136986977843755,1.2,1.5333333333333334
17,18,0.2299450288216273,0.7262586305538813,0.18614869,The floor was paved with spattered dropcloths.,El suelo estaba salpicado de trapos para cubrir.,46,8,1,5.0,59.66666666666666,10.0,1.0,5.185185185185185,9.030811456096044,1.4142135623730951,9,12,1.25,0.1767766952966369,1.125,1.5
102,114,0.2295304276049137,0.6560404598712921,0.115101315,"""Gosh—"" she said, and she blushed and became humble—""that—that puts me right next to Dr. Hitz.""","–dijo-. ~~~ ¿Te gusta un poco? ~~~ -Caramba… -dijo ella, y se ruborizó y se puso humilde-. ~~~ Eso… eso me coloca cerca del Dr. Hitz.",95,24,3,3.5,109.0,28.0,3.6666666666666665,3.226424422197504,16.990193249832878,2.943920288775949,24,31,1.1666666666666667,0.1226633453656645,1.0,1.2916666666666667
89,97,0.2255471472938855,0.7105476160844167,0.16164191,We've got a few choice ones left.,Nos quedan algunos para elegir.,33,9,1,3.0,32.666666666666664,6.666666666666667,1.3333333333333333,4.285185185185186,11.08552609887726,1.699673171197595,5,9,0.7407407407407408,0.1888525745775105,0.5555555555555556,1.0
31,33,0.2254853099584579,0.6508300006389618,0.10180062,Kiss this sad world toodle-oo.,Le diré adiós a este triste mundo.,30,6,1,4.333333333333333,35.333333333333336,7.0,1.0,4.412698412698413,1.247219128924647,0.816496580927726,6,8,1.1666666666666667,0.1360827634879543,1.0,1.3333333333333333
175,196,0.2223931364715099,0.6310143768787384,0.07580065,"This child of yours—whichever one you decide to keep, Mr. Wehling,"""" said Dr. Hitz.","-Este chico suyo… ¿cuál decide conservar, señor Wehling? ~~~ –dijo el Dr. Hetz-.",83,19,3,3.789473684210526,82.33333333333333,17.666666666666668,2.333333333333333,3.951388888888889,7.1336448530109,2.3570226039551585,16,21,0.9298245614035088,0.1240538212607978,0.8421052631578947,1.105263157894737
43,46,0.2203988631566365,0.7046421815951666,0.14543991,"Lot of faces still to fill in,"""" said the orderly.",-Todavía le quedan muchas caras por llenar –dijo el ordenanza.,50,14,1,3.071428571428572,58.66666666666666,12.0,1.0,4.300505050505051,2.494438257849294,0.816496580927726,11,13,0.8571428571428572,0.0583211843519804,0.7857142857142857,0.9285714285714286
54,57,0.2193483337759971,0.7060468345880508,0.1447435,"""You're a gloomy old duck, aren't you?"" said the orderly.","-Eres un viejo perro lúgubre, ¿verdad? ~~~ –dijo el ordenanza.",57,17,2,2.9411764705882355,63.66666666666666,15.333333333333334,2.0,3.5811965811965814,6.236095644623236,2.0548046676563256,13,18,0.9019607843137256,0.1208708628033133,0.7647058823529411,1.0588235294117647
46,49,0.2184111873308817,0.723482588926951,0.16030496,"""Must be nice to be able to make pictures that look like something,"" said the orderly.",-Debe de ser muy lindo ser capaz de hacer imágenes que se parezcan a algo –dijo el ordenanza.,86,20,1,3.65,87.66666666666667,18.666666666666668,1.0,3.9512670565302144,4.109609335312651,0.4714045207910317,18,19,0.9333333333333332,0.0235702260395515,0.9,0.95
204,228,0.2171266699830691,0.7116901973883311,0.14594354,"We could probably fit you in late this afternoon, sir,"""" she said.","-Es probable que podamos anotarlo para última hora de la tarde, señor –dijo ella-.",66,17,1,3.3529411764705883,82.66666666666667,16.333333333333332,1.0,4.383578431372549,4.9216076867444665,0.4714045207910317,16,17,0.9607843137254902,0.0277296776935901,0.9411764705882352,1.0
123,136,0.2166854453583558,0.6895527442296346,0.122923635,"Good!"""" said Dr. Hitz heartily.",–dijo el Dr. Hitz con entusiasmo-.,31,9,3,3.2222222222222223,40.0,10.333333333333334,2.6666666666666665,3.466666666666667,5.354126134736337,2.867441755680876,7,14,1.148148148148148,0.3186046395200973,0.7777777777777778,1.5555555555555556
90,98,0.2166252757112185,0.7708661655584971,0.20411672,She studied the mural bleakly.,La mujer estudió el cuadro sombríamente.,30,6,1,4.333333333333333,38.0,7.0,1.0,4.694444444444444,5.887840577551898,0.816496580927726,6,8,1.1666666666666667,0.1360827634879543,1.0,1.3333333333333333
113,125,0.2137103751301765,0.7574227899312973,0.18484354,"That is kind of like what I do,"""" she said.",-Es el tipo de cosa que yo hago –dijo ella.,43,14,1,2.571428571428572,45.333333333333336,12.666666666666666,1.0,2.951548451548452,4.784233364802441,1.247219128924647,11,14,0.9047619047619048,0.0890870806374748,0.7857142857142857,1.0
131,145,0.2115547160307566,0.7177175531784693,0.14082699,"Triplets!"""" she said.",-¡Trillizos!,21,7,2,3.0,25.0,6.0,1.6666666666666667,4.458333333333333,9.626352718795768,2.8284271247461903,2,8,0.8571428571428571,0.4040610178208842,0.2857142857142857,1.1428571428571428
41,43,0.2089224830269813,0.6533629447221756,0.07120791,"""That's good of Dr. Hitz,"" said the orderly.",-Está muy bien para el Dr. Hitz –dijo el ordenanza.,44,13,2,3.0,52.66666666666666,13.333333333333334,2.0,3.3378066378066378,3.091206165165235,1.699673171197595,11,15,1.0256410256410255,0.1307440900921226,0.8461538461538461,1.1538461538461535
75,83,0.2083530376354853,0.7655782798926035,0.18228436,"They told me I was supposed to pose for some picture,"""" she said.",-Me dijeron que tenía que posar para cierto cuadro –dijo ella-.,65,17,1,3.235294117647059,67.0,15.0,1.0,3.814133986928105,4.320493798938574,2.160246899469287,12,17,0.8823529411764706,0.127073347027605,0.7058823529411765,1.0
125,138,0.2075725061198075,0.7070735742648443,0.12221859,"""I sure am honored to be in it with you,"" she said.",-Estoy segura de sentirme honrada de estar en él con usted –dijo ella.,51,16,1,2.625,58.333333333333336,13.666666666666666,1.0,3.625270562770563,11.323525167642018,2.0548046676563256,11,16,0.8541666666666666,0.1284252917285203,0.6875,1.0
94,104,0.2072885433832804,0.6873126725355784,0.10188976,"Well,"""" said Leora Duncan, """"that's more the disposal people, isn't it?","-Bueno –dijo Leora Duncan-, ésa es más bien alguien de residuos, ¿no?",71,21,1,3.095238095238096,73.0,18.33333333333333,1.0,3.43842940685046,5.656854249492381,2.494438257849294,15,21,0.873015873015873,0.1187827741832997,0.7142857142857143,1.0
69,77,0.2065536578496297,0.7161237796147665,0.1292311,"The medallion on her purple musette bag was the seal of the Service Division of the Federal Bureau of Termination, an eagle perched on a turnstile.","El medallón de su mochila morada era el sello de la División Servicios del Federal Bureau of Termination, un águila posada sobre un molinete.",147,28,1,4.357142857142857,151.33333333333334,28.33333333333333,1.0,4.451134689065722,7.408703590297622,1.699673171197595,26,30,1.011904761904762,0.0607026132570569,0.9285714285714286,1.0714285714285714
56,59~~~60~~~61~~~62,0.2050698772072792,0.6626954227685928,0.07283518,"The orderly shrugged. ~~~ If you don't like it here, Grandpa—"""" he said, and he finished the thought with the trick telephone number that people who didn't want to live any more were supposed to call. ~~~ The zero in the telephone number he pronounced """"naught."""" ~~~ The number was: ""2 B R 0 2 B.""","El ordenanza se encogió de hombros. ~~~ -Si no te gusta estar aquí, abuelo –dijo, y terminó el pensamiento con el número telefónico con truco al que se suponía que tenía que llamar la gente que no deseaba vivir más-: 2 B R 0 2 B.",298,73,5,3.4383561643835616,274.6666666666667,64.33333333333333,4.0,3.4922969187675066,33.62869145371091,9.46337971105226,51,72,0.8812785388127854,0.1296353385075651,0.6986301369863014,0.9863013698630136
57,63~~~64~~~65,0.2040003115932147,0.6757491181294123,0.08374974,"It was the telephone number of an institution whose fanciful sobriquets included: ""Automat,"" ""Birdland,"" ""Cannery,"" ""Catbox,"" ""De-louser,"" ""Easy-go,"" ""Good-by, Mother,"" ""Happy Hooligan,"" ""Kiss-me-quick,"" ""Lucky Pierre,"" ""Sheepdip,"" ""Waring Blendor,"" ""Weep-no-more"" and ""Why Worry?"" ~~~ ""To be or not to be"" was the telephone number of the municipal gas chambers of the Federal Bureau of Termination. ~~~ The painter thumbed his nose at the orderly.","Era el número telefónico de una institución cuyos apodos ingeniosos incluían: “Autoservicio”, “Birdland”, “Conservas”, “Caja del gato”, “Despiojador”, “Salida fácil”, “Adiós, madre”, “Vándalo feliz”, “Bésame rápido”, “Suertudo Pedro”, “Antisarna”, “Embolia”, “Pare de llorar” y “¿Qué me importa?”. ~~~ “Ser o no ser” era el número telefónico de las cámaras de gas municipales del Federal Bureau of Termination. ~~~ El pintor le hizo pito catalán al ordenanza.",448,110,3,3.7818181818181817,473.6666666666667,115.66666666666669,3.333333333333333,3.59293567251462,43.70608907489003,7.039570693980959,108,125,1.0515151515151515,0.0639960972180087,0.9818181818181818,1.1363636363636365
101,111~~~112~~~113,0.203766727199157,0.70330843826135,0.11084189,"He pointed to a figure in purple who was sawing a dead branch from an apple tree. ~~~ How about her?"""" he said.  ~~~ You like her at all?""""",–Señaló una ﬁgura de morado que estaba aserrando la rama muerta de un manzano.- ¿Qué te parece ella?,139,37,5,3.081081081081081,131.0,29.666666666666668,4.0,3.787835682572525,22.992752481307377,7.71722460186015,19,37,0.8018018018018017,0.2085736378881121,0.5135135135135135,1.0
152,168,0.2037347753842671,0.7460944106181463,0.15356396,"All I have to do is pick out which one of the triplets is going to live, then deliver my maternal grandfather to the Happy Hooligan, and come back here with a receipt.""""","Todo lo que tengo que hacer es elegir cuál de los mellizos va a vivir, después entregar a mi abuelo materno al Vándalo Feliz y volver aquí con un recibo.",169,38,2,3.657894736842105,158.33333333333334,34.0,1.3333333333333333,3.806917211328976,4.988876515698588,1.632993161855452,32,36,0.8947368421052632,0.042973504259354,0.8421052631578947,0.9473684210526316
77,85,0.2018118674556414,0.7261388103167216,0.12976255,She waited.,–Esperó.,11,3,1,3.333333333333333,9.0,2.333333333333333,1.0,3.722222222222222,2.160246899469287,0.4714045207910317,2,3,0.7777777777777777,0.1571348402636772,0.6666666666666666,1.0
48,51,0.2004750681420167,0.7177120347817739,0.11866217,"You think I'm proud of this daub?"""" he said.",-¿Crees que estoy orgulloso de este mamarracho?,44,14,2,2.7142857142857144,55.0,11.333333333333334,1.6666666666666667,4.363095238095238,8.04155872120988,2.494438257849294,8,14,0.8095238095238094,0.1781741612749496,0.5714285714285714,1.0
60,68,0.1991524472832679,0.695434607565403,0.0937395,"Messy business, Grandpa.","Un asunto desprolijo, abuelo.",24,5,1,4.4,31.0,7.333333333333333,1.0,3.8624338624338623,1.632993161855452,1.247219128924647,6,9,1.4666666666666666,0.2494438257849295,1.2,1.8
53,56,0.1982815066973368,0.7291540304819742,0.12571704,"Frame that, and you'll have a picture a damn sight more honest than this one.""""",Enmarca eso y tendrás una maldita imagen más honesta que ésta.,79,20,2,3.35,65.0,15.333333333333334,1.3333333333333333,3.625,3.559026084010437,2.494438257849294,12,18,0.7666666666666666,0.1247219128924647,0.6,0.9
52,55,0.1966868862509727,0.7508182525634766,0.14419203,"There's a good picture of it,"""" he said.",-Ése es un buen ejemplo –dijo-.,40,13,1,2.6923076923076925,33.666666666666664,9.333333333333334,1.0,3.1825396825396823,5.2493385826745405,2.0548046676563256,7,12,0.7179487179487181,0.158061897512025,0.5384615384615384,0.9230769230769232
155,171,0.1959971934556961,0.7727958858013153,0.16479027,"""I think it's perfectly keen,"" said Wehling tautly.",-Creo que es perfectamente genial –dijo Wehling tensamente.,51,13,1,3.5384615384615383,63.333333333333336,11.0,1.0,5.231481481481481,3.091206165165235,1.4142135623730951,9,12,0.8461538461538461,0.1087856586440842,0.6923076923076923,0.9230769230769232
36,38,0.1925872378051281,0.7010676264762878,0.0862421,The orderly looked in at the mural and the muralist.,El ordenanza se fijó en el mural y el muralista.,52,11,1,3.909090909090909,43.0,9.666666666666666,1.0,3.663299663299663,3.741657386773941,0.9428090415820634,9,11,0.8787878787878789,0.0857099128710966,0.8181818181818182,1.0
119,131,0.1907201558351516,0.7381317913532257,0.1195721,"Miss Duncan!"""" he said, and he made a joke.",–dijo e hizo una broma-.,43,14,2,2.642857142857143,39.0,10.0,1.6666666666666667,3.333333333333333,10.614455552060438,2.8284271247461903,6,12,0.7142857142857143,0.2020305089104421,0.4285714285714285,0.8571428571428571
205,229,0.1890697951118151,0.7486920158068339,0.1268316,"It might even be earlier, if we get a cancellation.""""","Incluso podría ser más temprano, si tenemos una cancelación.",53,14,2,3.2857142857142856,59.66666666666666,12.333333333333334,1.0,4.258297258297258,1.247219128924647,1.247219128924647,11,14,0.8809523809523809,0.0890870806374748,0.7857142857142857,1.0
202,226,0.188435544570287,0.7602646698554357,0.13713576,"""Federal Bureau of Termination,"" said the very warm voice of a hostess.",-Federal Bureau of Termination –dijo la voz muy cálida de una azafata.,71,16,1,3.875,71.0,14.666666666666666,1.0,4.1558760683760685,2.943920288775949,1.247219128924647,13,16,0.9166666666666666,0.0779511955577904,0.8125,1.0
187,209,0.1865771735707919,0.7672172586123148,0.1403716,"And then he shot himself, making room for all three of his children.","Y después se disparó a sí mismo, haciendo espacio para sus tres hijos.",68,15,1,3.733333333333333,65.66666666666667,14.666666666666666,1.0,3.679365079365079,3.681787005729087,0.4714045207910317,14,15,0.977777777777778,0.0314269680527354,0.9333333333333332,1.0
81,89,0.1844870522618293,0.7964136898517609,0.1653878,"That sure is a beautiful picture,"""" she said.","-Bueno, ése sí que es un hermoso cuadro –dijo ella-.",45,12,1,3.333333333333333,49.333333333333336,13.0,1.0,3.2133838383838387,7.586537784494029,2.160246899469287,11,16,1.0833333333333333,0.1800205749557738,0.9166666666666666,1.3333333333333333
199,223,0.1831990753610928,0.7701558073361715,0.13655396,But he didn't have the nerve.,Pero le faltó el coraje.,29,8,1,3.0,27.33333333333333,6.666666666666667,1.0,3.361111111111111,6.182412330330469,0.9428090415820634,6,8,0.8333333333333334,0.1178511301977579,0.75,1.0
129,143,0.183075912296772,0.7922313064336777,0.15838313,"""I can't,"" she said.",-No puedo –dijo ella.,20,9,1,2.111111111111111,24.0,7.0,1.0,3.0465608465608462,6.48074069840786,1.632993161855452,5,9,0.7777777777777778,0.1814436846506057,0.5555555555555556,1.0
139,154,0.1822523797551791,0.8238656322161356,0.18837039,"What's the name?""""",¿Cuál es el apellido?,18,7,2,2.571428571428572,19.0,5.333333333333333,1.6666666666666667,3.1444444444444444,2.160246899469287,0.4714045207910317,5,6,0.7619047619047619,0.0673435029701473,0.7142857142857143,0.8571428571428571
65,73,0.1784467374285062,0.6992620577414831,0.056155533,"Wehling, the waiting father, mumbled something without raising his head.","Wehling, el padre en espera, masculló algo sin alzar la cabeza.",72,13,1,4.846153846153846,71.33333333333333,14.666666666666666,1.0,4.122023809523809,8.498365855987975,0.9428090415820634,14,16,1.1282051282051282,0.0725237724293895,1.0769230769230769,1.2307692307692308
12,13,0.1752548453708489,0.7368367065985998,0.0873464,The children would be his first.,Serían sus primeros hijos.,32,7,1,3.857142857142857,31.0,6.0,1.0,4.501587301587302,4.546060565661952,0.816496580927726,5,7,0.8571428571428571,0.1166423687039608,0.7142857142857143,1.0
182,204,0.1748088927318652,0.6999344577391943,0.049552243,Wehling shot Dr. Hitz dead.,Wehling mató al Dr. Hitz de un tiro.,27,6,2,3.8333333333333335,34.666666666666664,8.333333333333334,2.0,3.407407407407407,1.247219128924647,0.4714045207910317,8,9,1.3888888888888886,0.0785674201318386,1.3333333333333333,1.5
147,163,0.1747805972894032,0.8314587523539861,0.18101995,"I'm on my way in to see them now.""""",Estoy yendo a verlos ahora.,35,13,2,2.230769230769231,30.666666666666668,8.0,1.0,3.2527777777777778,6.649979114420001,1.632993161855452,6,10,0.6153846153846154,0.1256148586042655,0.4615384615384615,0.7692307692307693
201,225,0.1709084423879782,0.7353799740473429,0.07719686,"He went to it, dialed the well-remembered number: """"2 B R 0 2 B.""""","Fue hasta ella, discó el número bien recordado: “2 B R 0 2 B”.",66,21,2,2.7142857142857144,63.333333333333336,19.666666666666668,1.3333333333333333,2.5596491228070177,4.189935029992179,0.4714045207910317,19,20,0.9365079365079364,0.0224478343233824,0.9047619047619048,0.9523809523809524
118,130,0.170433363566796,0.7460679064194361,0.08693463,"Well, Miss Duncan!","-Caramba, ¡señorita Duncan!, ¡señorita Duncan!",18,5,1,3.2,31.666666666666668,7.0,1.3333333333333333,4.111111111111112,10.143416036468626,1.4142135623730951,6,9,1.4,0.282842712474619,1.2,1.8
173,192~~~193~~~194,0.1694558498760064,0.7511364122231802,0.09004811,"Forgive me."""" ~~~ He corrected himself, gave the municipal gas chambers their official title, a title no one ever used in conversation. ~~~ I should have said, 'Ethical Suicide Studios,'"""" he said.""","Perdóneme. ~~~ –Se corrigió, le dio a las cámaras de gas municipales su título oﬁcial, un título que nadie usaba nunca en la conversación.- Tendría que haber dicho “Grandes estudios de suicidio ético” –dijo.",198,45,4,3.8222222222222224,206.66666666666663,43.0,2.6666666666666665,4.097078689631881,7.760297817881877,2.943920288775949,40,47,0.9555555555555556,0.0654204508616878,0.8888888888888888,1.0444444444444445
160,179,0.1693499125540256,0.7255797833204269,0.06427961,"""In the year 2000,"" said Dr. Hitz, ""before scientists stepped in and laid down the law, there wasn't even enough drinking water to go around, and nothing to eat but sea-weed—and still people insisted on their right to reproduce like jackrabbits.","-En el año 2000 –dijo el Dr. Hetz-, antes de que intervinieran los cientíﬁcos y establecieran la ley, no había ni siquiera agua potable suﬁciente para seguir adelante y nada que comer salvo algas marinas y aún así la gente insistía en su derecho de reproducción como conejos.",245,50,2,4.16,267.0,53.66666666666666,2.0,4.1506735320122745,6.164414002968976,3.091206165165235,51,58,1.0733333333333333,0.0618241233033046,1.02,1.16
88,96,0.1682566727201144,0.7595603118340174,0.09607366,See any faceless body here you'd like me to stick your head on?,¿Ves por aquí algún cuerpo sin cabeza al que te gustaría que le agregue tu cabeza?,63,15,1,3.4,76.33333333333333,16.0,1.0,3.8915032679738566,5.436502143433363,0.816496580927726,15,17,1.0666666666666669,0.0544331053951817,1.0,1.1333333333333333
158,176~~~177,0.1631632192681233,0.7227859596411387,0.0491124,"Without population control, human beings would now be packed on this surface of this old planet like drupelets on a blackberry! ~~~ Think of it!""""""","¡Sin control de la población, los seres humanos estarían ahora apretujados en esta superficie de este viejo planeta como drupéolas en una mora! ~~~ ¡Piense en eso!",147,31,3,4.064516129032258,164.66666666666666,31.0,2.6666666666666665,4.507437275985663,1.247219128924647,0.816496580927726,30,32,1.0,0.0263385993847653,0.967741935483871,1.032258064516129
64,72,0.1630512960255146,0.7836056798696518,0.10970827,The orderly laughed and moved on.,El ordenanza se rió y siguió adelante.,33,7,1,4.0,37.66666666666666,8.0,1.0,3.9166666666666665,1.247219128924647,0.0,8,8,1.1428571428571428,0.0,1.1428571428571428,1.1428571428571428
135,150,0.1620642033716042,0.7623796512683233,0.08650806,"""Last I heard,"" said Dr. Hitz, ""they had one, and were trying to scrape another two up.""",-Lo último que oí –dijo el Dr. Hitz- es que tenían uno y estaban tratando de juntar a duras penas otros dos.,88,25,3,3.04,102.33333333333331,24.666666666666668,2.333333333333333,3.4692028985507246,8.013876853447538,1.699673171197595,23,27,0.9866666666666668,0.0679869268479038,0.92,1.08
27,29,0.1605240528782208,0.7326137175162634,0.053661823,"A hospital orderly came down the corridor, singing under his breath a popular song:","Un ordenanza del hospital llegó por el corredor, cantando bajito una canción popular.",83,16,1,4.375,87.33333333333333,16.333333333333332,1.0,4.5437908496732025,1.699673171197595,0.9428090415820634,15,17,1.0208333333333333,0.0589255650988789,0.9375,1.0625
164,183,0.1605235002934932,0.75905641913414,0.08010342,"Of course you do,"""" said Dr. Hitz.",-Por supuesto que los quiere –dijo el Dr. Hetz-.,34,11,2,2.727272727272727,45.66666666666666,11.666666666666666,2.0,3.3568376068376065,4.027681991198191,1.247219128924647,10,13,1.0606060606060606,0.1133835571749679,0.9090909090909092,1.181818181818182
194,217,0.1581080431739489,0.7959154198567072,0.112131506,He thought of plague.,Pensó en la plaga.,21,5,1,3.6,18.666666666666668,5.0,1.0,3.1333333333333333,0.9428090415820634,0.0,5,5,1.0,0.0,1.0,1.0
21,23,0.1568268251915772,0.7810424019893011,0.09469605,Aging had touched him that much before the cure for aging was found.,La edad lo había tocado hasta ese punto antes de que se descubriera la cura contra el envejecimiento.,68,14,1,4.0,98.0,17.666666666666668,1.0,4.669762641898866,2.449489742783178,0.9428090415820634,17,19,1.261904761904762,0.0673435029701474,1.2142857142857142,1.3571428571428572
73,81,0.1563721174995104,0.8360286156336466,0.14877285,"A lot would depend on what your business was,"""" he said.",-Gran parte depende de cuál es tu asunto –dijo él-.,56,15,1,3.2,50.333333333333336,12.0,1.0,3.5953768453768458,1.699673171197595,0.816496580927726,11,13,0.7999999999999999,0.0544331053951817,0.7333333333333333,0.8666666666666667
197,220~~~221,0.1560228082040946,0.7615276823441187,0.0735733,"He let his paintbrush fall to the drop-cloths below. ~~~ And then he decided he had had about enough of life in the Happy Garden of Life, too, and he came slowly down from the ladder.","Dejó que los pinceles cayeran hasta los trapos de abajo. ~~~ Y después decidió que ya había tenido suﬁciente de la vida en el Jardín feliz de la Vida, también, y se bajó lentamente de la escalera.",183,40,2,3.7,179.66666666666666,37.66666666666666,2.0,3.8756324095748695,13.47425528760516,2.867441755680876,34,41,0.9416666666666664,0.0716860438920218,0.85,1.025
92,101,0.1559059284627437,0.7884659916162491,0.10027785,"A body's a body, eh?"""" he said, ""All righty.","-Un cuerpo es un cuerpo, ¿eh? ~~~ –dijo él-. ~~~ Todo bien.",44,17,2,2.294117647058824,58.333333333333336,17.666666666666668,2.6666666666666665,2.7660818713450293,0.4714045207910317,1.247219128924647,16,19,1.0392156862745097,0.0733658311132145,0.9411764705882352,1.1176470588235294
170,189,0.1552245281636715,0.8073902279138565,0.117839284,"I wish people wouldn't call it 'the Catbox,' and things like that,"""" she said.",-Me gustaría que la gente no lo llamara “la Caja del Gato” y cosas por el estilo –dijo ella-.,78,21,1,3.1904761904761907,84.0,21.0,1.0,3.281601731601731,6.97614984548545,0.816496580927726,20,22,1.0,0.038880789567987,0.9523809523809524,1.0476190476190477
50,53,0.1545588709414005,0.7589007616043091,0.0680185,"""What's your idea of what life looks like?"" said the orderly.",-¿Cuál es su idea de a qué se parece la vida? ~~~ –dijo el ordenanza.,61,16,2,3.3125,65.66666666666667,17.0,2.0,3.156862745098039,3.39934634239519,0.0,17,17,1.0625,0.0,1.0625,1.0625
18,19~~~20,0.1538446769118309,0.8125769346952438,0.12026629,The room was being redecorated. ~~~ It was being redecorated as a memorial to a man who had volunteered to die.,Estaban redecorando el cuarto. ~~~ Lo estaban redecorando en memoria de un hombre que había muerto voluntariamente.,111,23,2,3.9565217391304346,129.0,21.33333333333333,2.0,5.197159565580618,10.708252269472672,2.0548046676563256,19,24,0.927536231884058,0.0893393333763619,0.8260869565217391,1.0434782608695652
130,144,0.1537941160301367,0.7703926066557566,0.07798084,"""Triplets!"" he said.",-¡Trillizos! ~~~ –dijo él.,20,7,2,2.857142857142857,27.666666666666668,7.666666666666667,2.333333333333333,3.3194444444444446,2.3570226039551585,1.247219128924647,6,9,1.0952380952380951,0.1781741612749496,0.8571428571428571,1.2857142857142858
126,139~~~140,0.1537081537147362,0.7821978678305944,0.089614175,"""Let me tell you,"" he said, ""I'm honored to be in it with you. ~~~ Without women like you, this wonderful world we've got wouldn't be possible.""","-Déjeme decirle algo –dijo el Dr. Hitz-. ~~~ Yo estoy honrado de estar en él con usted. ~~~ Sin mujeres como usted, este mundo maravilloso que tenemos sería imposible.",144,39,3,3.128205128205128,150.33333333333334,33.0,3.333333333333333,3.8587255038867943,12.036980056845191,1.632993161855452,31,35,0.8461538461538461,0.0418716195347552,0.7948717948717948,0.8974358974358975
6,7,0.1526466757059097,0.7345602214336395,0.039853573,The population of the United States was stabilized at forty-million souls.,La población de Estados Unidos estaba estabilizada en cuarenta millones de almas.,74,12,1,5.333333333333333,84.66666666666667,14.333333333333334,1.0,5.0746336996337,2.867441755680876,1.247219128924647,13,16,1.1944444444444444,0.1039349274103872,1.0833333333333333,1.3333333333333333
140,155,0.1522443350404501,0.7289257049560547,0.033414375,"Wehling,"""" said the waiting father, sitting up, red-eyed and frowzy.","-Wehling –dijo el padre en espera, irguiéndose, con los ojos rojos y desaliñados-.",68,16,1,3.8125,88.33333333333333,19.0,1.0,4.025793650793651,5.312459150169743,2.160246899469287,16,21,1.1875,0.1350154312168304,1.0,1.3125
0,1,0.1518793404102325,0.8025061190128326,0.1062648,2BR02B,2 B R 0 2 B,6,1,1,6.0,9.333333333333334,4.333333333333333,1.0,2.6666666666666665,2.357022603955158,2.357022603955158,1,6,4.333333333333333,2.357022603955158,1.0,6.0
148,164,0.1501484724382559,0.7817251036564509,0.08202205,"""Hooray,"" said Wehling emptily.",-Hurra –dijo Wehling con voz hueca.,31,8,1,3.75,34.666666666666664,8.333333333333334,1.0,3.778571428571429,1.247219128924647,1.247219128924647,7,10,1.0416666666666667,0.1559023911155808,0.875,1.25
115,127,0.1484675258398056,0.7861521542072296,0.083087206,What she did was make people comfortable while she killed them.,Lo que ella hacía era hacer poner a la gente cómoda mientras los mataba.,63,12,1,4.416666666666667,73.66666666666667,14.666666666666666,1.0,4.166666666666667,1.247219128924647,0.4714045207910317,14,15,1.2222222222222223,0.0392837100659192,1.1666666666666667,1.25
44,47,0.1482751543323199,0.7998205373684565,0.096370846,He meant that the faces of many of the figures in the mural were still blank.,Quería decir que muchas de las ﬁguras del mural seguían aún sin deﬁnir.,77,17,1,3.647058823529412,83.66666666666667,16.666666666666668,1.0,4.156051894441987,8.956685895029603,2.0548046676563256,14,19,0.9803921568627452,0.1208708628033133,0.8235294117647058,1.1176470588235294
95,105,0.1481288193414608,0.7463803837696711,0.042638022,"I mean, I'm in service.","Quiero decir, estoy en servicios.",23,8,1,2.375,28.33333333333333,6.666666666666667,1.0,3.6642857142857146,5.2493385826745405,1.247219128924647,5,8,0.8333333333333334,0.1559023911155808,0.625,1.0
24,26,0.1474893776079018,0.7767839630444845,0.07176272,"Men and women in purple uniforms pulled up weeds, cut down plants that were old and sickly, raked leaves, carried refuse to trash-burners.","Hombres y mujeres con uniformes color morado arrancaban hierbas, cortaban plantas que estaban viejas y enfermas, rastrillaban hojas secas, llevaban residuos a quemadores de basura.",138,27,1,4.296296296296297,178.0,29.0,1.0,5.293103448275862,1.632993161855452,0.816496580927726,28,30,1.0740740740740742,0.0302406141084343,1.037037037037037,1.1111111111111112
206,230~~~231,0.1458460551997025,0.795367365082105,0.087059475,"All right,"""" said the painter, """"fit me in, if you please."""" ~~~ And he gave her his name, spelling it out.","-De acuerdo –dijo el pintor-, anóteme, por favor.- Y le dio su nombre, deletreándolo.",107,33,2,2.8181818181818183,87.33333333333333,22.0,2.0,3.4713043478260865,2.6246692913372702,2.943920288775949,18,25,0.6666666666666666,0.0892097057204833,0.5454545454545454,0.7575757575757576
20,22,0.1451531027754147,0.7973587562640508,0.08766496,"Back in the days when people aged visibly, his age would have been guessed at thirty-five or so.","Allá en los viejos días cuando la gente envejecía de manera visible, su edad habría sido calculada en unos treinta y cinco años.",96,20,1,3.95,118.66666666666669,23.666666666666668,1.0,4.151969696969697,7.760297817881877,1.247219128924647,22,25,1.1833333333333331,0.0623609564462323,1.1,1.25
203,227,0.1446408368647098,0.8212202191352844,0.11050189,"""How soon could I get an appointment?"" he asked, speaking very carefully.","-¿En cuánto tiempo puedo tener una cita? ~~~ –preguntó, hablando con mucho cuidado.",73,17,2,3.764705882352941,83.33333333333333,16.666666666666668,2.0,4.368055555555556,1.247219128924647,0.9428090415820634,16,18,0.9803921568627452,0.0554593553871802,0.9411764705882352,1.0588235294117647
191,213~~~214,0.1440440223862727,0.7717360158761343,0.05982406,"The painter pondered the mournful puzzle of life demanding to be born and, once born, demanding to be fruitful ... to multiply and to live as long as possible—to do all that on a very small planet that would have to last forever. ~~~ All the answers that the painter could think of were grim.","El pintor caviló sobre el lastimero rompecabezas de la vida exigiendo nacer y, una vez nacida, exigiendo ser fructífera –multiplicarse y vivir todo lo posible: hacer todo eso sobre un planeta muy pequeño que debería durar para siempre. ~~~ Todas las respuestas que el pintor pudo pensar eran lúgubres.",292,59,3,4.033898305084746,309.0,56.333333333333336,2.333333333333333,4.594617822018951,6.97614984548545,2.0548046676563256,54,59,0.9548022598870056,0.0348271977568868,0.9152542372881356,1.0
5,6,0.1428753125170866,0.7769594291845957,0.062710054,"Death, barring accidents, was an adventure for volunteers.","La muerte, de no ser por accidente, era una aventura para voluntarios.",58,11,1,4.636363636363637,63.66666666666666,12.333333333333334,1.0,4.53903133903134,6.944222218666553,2.494438257849294,9,15,1.121212121212121,0.2267671143499358,0.8181818181818182,1.3636363636363635
93,102~~~103,0.1417928393930196,0.778312474489212,0.061898153,"As a master of fine art, I recommend this body here."""" ~~~ He indicated a faceless figure of a woman who was carrying dried stalks to a trash-burner.","Como un maestro de las bellas artes, recomiendo este cuerpo de aquí. ~~~ –Señaló la ﬁgura sin rostro de una mujer que estaba llevando tallos secos a un quemador de basura.",149,33,2,3.757575757575758,165.33333333333334,32.333333333333336,1.6666666666666667,4.259033048703352,8.013876853447538,1.247219128924647,31,34,0.9797979797979798,0.0377945190583226,0.9393939393939394,1.0303030303030305
45,48,0.1415019234021504,0.7817448278268179,0.064748675,"All blanks were to be filled with portraits of important people on either the hospital staff or from the Chicago Office of the Federal Bureau of Termination.""","Todas las zonas en blanco debían ser llenadas con retrato de gente importante, ya fuera del personal del hospital o de la oﬁcina de Chicago del Federal Bureau of Termination (Oficina Federal de Liquidación).",158,29,2,4.586206896551724,188.33333333333331,33.666666666666664,1.0,4.707519305362799,15.520595635763756,3.6817870057290873,29,38,1.1609195402298849,0.1269581726113478,1.0,1.3103448275862069
67,75,0.141106062879165,0.7810619821151098,0.06327411,"A coarse, formidable woman strode into the waiting room on spike heels.","Una mujer tosca, imponente, entró caminando a la sala de espera sobre tacos de aguja.",71,14,1,4.285714285714286,80.66666666666667,16.333333333333332,1.0,4.116203703703704,3.2998316455372216,1.247219128924647,15,18,1.1666666666666667,0.0890870806374748,1.0714285714285714,1.2857142857142858
142,157,0.1408062018454074,0.8163368552923203,0.09794926,"He raised his right hand, looked at a spot on the wall, gave a hoarsely wretched chuckle.","Alzó la mano derecha, miró un punto en la pared, soltó una risita roncamente desdichada.",89,20,1,3.65,90.33333333333331,19.33333333333333,1.0,3.852408799777221,4.784233364802441,1.247219128924647,18,21,0.9666666666666668,0.0623609564462323,0.9,1.05
23,25,0.1405202175180117,0.7620191226402918,0.043059558,"Men and women in white, doctors and nurses, turned the soil, planted seedlings, sprayed bugs, spread fertilizer.","Hombres y mujeres de blanco, médicos y enfermeros, removían la tierra, plantaban semillas, fumigaban los insectos, desparramaban fertilizador.",112,23,1,4.173913043478261,141.66666666666666,23.33333333333333,1.0,5.344806763285025,1.247219128924647,0.4714045207910317,23,24,1.0144927536231885,0.0204958487300448,1.0,1.0434782608695652
117,129,0.1395955520371596,0.8097296605507532,0.088920765,"He was seven feet tall, and he boomed with importance, accomplishments, and the joy of living.","Tenía más de dos metros de altura, y bramaba con importancia, logros y la alegría de vivir.",94,20,1,3.95,86.66666666666667,18.33333333333333,1.0,3.935185185185185,3.681787005729087,1.247219128924647,17,20,0.9166666666666666,0.0623609564462323,0.85,1.0
47,50,0.1381659097969532,0.802270844578743,0.078602664,The painter's face curdled with scorn.,La cara del pintor se cuajó de desdén.,38,8,1,4.125,42.333333333333336,9.333333333333334,1.0,3.748148148148148,3.299831645537222,0.4714045207910317,9,10,1.1666666666666667,0.0589255650988789,1.125,1.25
172,191,0.138121244808038,0.8370573570330938,0.11329985,"You're absolutely right,"""" said Dr. Hitz.",-Está totalmente en lo cierto –dijo el Dr. Hetz-.,41,11,2,3.4545454545454546,46.0,11.333333333333334,2.0,3.505555555555555,4.242640687119285,0.9428090415820634,10,12,1.0303030303030305,0.0857099128710966,0.9090909090909092,1.0909090909090908
15,16,0.1376835716267426,0.8282978435357412,0.10366499,"His camouflage was perfect, since the waiting room had a disorderly and demoralized air, too.","Su camuflaje era perfecto, porque la sala de espera también tenía un aspecto desordenado y desmoralizado.",93,18,1,4.388888888888889,107.66666666666669,19.666666666666668,1.0,4.670634920634921,6.018490028422596,1.247219128924647,18,21,1.0925925925925926,0.0692899516069248,1.0,1.1666666666666667
180,202,0.1375319634874661,0.8207505991061529,0.095814526,He smiled luminously.,Sonrió luminosamente.,21,4,1,4.75,26.0,4.333333333333333,1.3333333333333333,5.666666666666667,5.0990195135927845,1.247219128924647,3,6,1.0833333333333333,0.3118047822311617,0.75,1.5
87,95,0.1371751440068085,0.8477180649836858,0.12206835,You're entitled to be immortalized.,Tienes derecho a ser inmortalizada.,35,7,1,4.428571428571429,36.333333333333336,6.0,1.0,5.388888888888889,1.8856180831641267,0.0,6,6,0.8571428571428571,0.0,0.8571428571428571,0.8571428571428571
105,117,0.1364175553123156,0.8302631030480067,0.10309821,"""It's—it's just such an honor.""",–dijo ella-. ~~~ Es… es un honor tan grande.,31,9,2,3.2222222222222223,32.0,9.333333333333334,1.6666666666666667,2.859427609427609,8.48528137423857,1.247219128924647,8,11,1.037037037037037,0.1385799032138497,0.8888888888888888,1.2222222222222223
133,148,0.1362240087861816,0.7522806773583094,0.024728695,"Triplets, if they were all to live, called for three volunteers.","Los trillizos, si es que iban a vivir todos, requerían tres voluntarios.",64,14,1,3.857142857142857,68.33333333333333,13.333333333333334,1.0,4.453846153846153,2.6246692913372702,1.247219128924647,12,15,0.9523809523809522,0.0890870806374748,0.8571428571428571,1.0714285714285714
70,78,0.1360569819808006,0.7688349634408951,0.040948927,"The woman had a lot of facial hair—an unmistakable mustache, in fact.","La mujer tenía mucho pelo facial: un bigote inconfundible, a decir verdad.",69,14,1,4.142857142857143,72.66666666666667,15.0,1.0,4.108898944193062,2.6246692913372702,1.632993161855452,13,17,1.0714285714285714,0.1166423687039608,0.9285714285714286,1.2142857142857142
145,161,0.1351205396155516,0.8216499189535776,0.091891,"They just phoned me that your triplets have been born,"""" said Dr. Hitz.",-Acaban de telefonearme que han nacido sus trillizos –dijo el Dr. Hitz-.,71,17,2,3.588235294117647,78.33333333333333,16.333333333333332,2.0,4.101139601139601,4.642796092394707,2.3570226039551585,13,18,0.9607843137254902,0.1386483884679505,0.7647058823529411,1.0588235294117647
82,90,0.1345892647902171,0.8227650026480356,0.09194353,"Looks just like heaven or something.""""","Es justo como el cielo, o algo así.",38,9,2,3.888888888888889,35.666666666666664,10.333333333333334,1.0,2.8685185185185182,5.734883511361751,1.247219128924647,9,12,1.148148148148148,0.1385799032138496,1.0,1.3333333333333333
19,21,0.1338387119273344,0.8111804078022639,0.07885783,"A sardonic old man, about two hundred years old, sat on a stepladder, painting a mural he did not like.","Un anciano sardónico, de unos doscientos años, estaba sentado sobre una escalera de tijera, pintando un mural que no le gustaba.",103,24,1,3.5,125.0,24.33333333333333,1.0,4.335072463768117,2.160246899469287,0.9428090415820634,23,25,1.013888888888889,0.0392837100659193,0.9583333333333334,1.0416666666666667
16,17,0.1337119632711013,0.7881349821885427,0.05555891,Chairs and ashtrays had been moved away from the walls.,Las sillas y los ceniceros habían sido sacados de junto a las paredes.,55,11,1,4.181818181818182,64.66666666666667,12.666666666666666,1.0,4.26984126984127,4.109609335312651,0.9428090415820634,12,14,1.1515151515151514,0.0857099128710967,1.0909090909090908,1.2727272727272727
49,52,0.1330528569718201,0.851107989748319,0.1172137,"You think this is my idea of what life really looks like?""""""",–dijo-. ~~~ ¿Crees que ésta es mi idea de a qué se parece la vida?,60,16,2,3.25,63.333333333333336,16.0,2.0,3.2334967320261434,3.771236166328253,0.816496580927726,15,17,1.0,0.0510310363079828,0.9375,1.0625
30,32,0.1328889243304729,0.8077973872423172,0.073575236,"I'll go see a girl in purple,","Iré a ver una chica de morado,",29,9,1,2.555555555555556,30.33333333333333,7.666666666666667,1.0,3.240740740740741,2.0548046676563256,1.247219128924647,6,9,0.8518518518518517,0.1385799032138497,0.6666666666666666,1.0
74,82,0.1325993376473586,0.8283420453468958,0.09354072,"You aren't about to have a baby, are you?""""","No estás por tener un bebé, ¿no?",43,14,2,2.642857142857143,33.0,10.333333333333334,1.6666666666666667,2.6902356902356903,0.816496580927726,0.9428090415820634,9,11,0.7380952380952381,0.0673435029701473,0.6428571428571429,0.7857142857142857
162,181,0.1319071551163991,0.80702476700147,0.07083908,"I want those kids,"""" said Wehling quietly.",-Quiero esos niños –dijo Wehling en voz queda-.,42,11,1,3.4545454545454546,48.66666666666666,11.0,1.0,3.922040922040922,1.699673171197595,1.632993161855452,9,13,1.0,0.1484539238050411,0.8181818181818182,1.181818181818182
112,124,0.1311315409839153,0.8294399529695511,0.091703035,"Sawing off a limb—that strikes you as appropriate?""",Aserrar una rama: ¿eso te parece adecuado?,51,10,2,4.5,44.0,8.666666666666666,1.6666666666666667,4.546296296296297,5.0990195135927845,0.4714045207910317,8,9,0.8666666666666667,0.0471404520791031,0.8,0.9
178,199~~~200,0.1305176652967929,0.8061395436525345,0.067174874,"He shook his head. ~~~ Two centuries ago, when I was a young man, it was a hell that nobody thought could last another twenty years.","–Sacudió la cabeza.- Hace dos siglos, cuando yo era joven, resultaba un inﬁerno que nadie pudiera pensar que podía vivir veinte años más.",132,30,2,3.566666666666667,137.0,28.33333333333333,2.0,4.051547914451141,5.715476066494082,2.0548046676563256,26,31,0.9444444444444444,0.0684934889218775,0.8666666666666667,1.0333333333333334
7,8,0.1300920533637206,0.8024492512146632,0.06263336,"One bright morning in the Chicago Lying-in Hospital, a man named Edward K. Wehling, Jr., waited for his wife to give birth.","Una brillante mañana en la maternidad del hospital de Chicago, un hombre llamado Edward K. Wehling, Jr. Esperaba que su esposa diera a luz.",123,26,3,3.923076923076923,135.0,27.666666666666668,3.0,4.06305114638448,3.265986323710904,0.4714045207910317,27,28,1.064102564102564,0.0181309431073473,1.0384615384615383,1.0769230769230769
14,15,0.1291957025726636,0.8650063623984655,0.12339777,"He was so rumpled, so still and colorless as to be virtually invisible.","Estaba tan arrugado, tan quieto y descolorido como para ser invisible por completo.",71,15,1,3.933333333333333,85.66666666666667,14.0,1.0,5.35067155067155,5.2493385826745405,0.816496580927726,13,15,0.9333333333333332,0.0544331053951817,0.8666666666666667,1.0
107,119,0.1291691350440184,0.8059170494476954,0.06425532,"Who doesn't admire him?"""" she said, worshiping the portrait of Hitz.","–dijo él. ~~~ -¿Quién no lo admira? ~~~ –dijo ella, adorando el retrato de Hitz.",68,17,2,3.5294117647058822,71.33333333333333,17.333333333333332,2.333333333333333,3.477747678018576,7.845734863959881,1.247219128924647,16,19,1.0196078431372548,0.0733658311132145,0.9411764705882352,1.1176470588235294
97,107,0.1288178103665511,0.8339848021666209,0.09162042,The painter clapped his hands in mock delight.,El pintor aplaudió con burlón deleite.,46,9,1,4.333333333333333,41.0,8.333333333333334,1.0,4.341991341991342,3.559026084010437,1.8856180831641267,7,11,0.925925925925926,0.2095131203515697,0.7777777777777778,1.2222222222222223
132,146~~~147,0.1284903318931659,0.7820718338092169,0.039052498,She was exclaiming over the legal implications of triplets. ~~~ The law said that no newborn child could survive unless the parents of the child could find someone who would volunteer to die.,–dijo ella. ~~~ Estaba exclamando por las implicancias legales de los trillizos. ~~~ La ley decía que ningún niño recién nacido podía sobrevivir a menos que los padres del niño pudieran encontrar a alguien que se presentara voluntario para morir.,191,35,2,4.542857142857143,232.33333333333331,40.0,2.333333333333333,4.891688199827734,17.249798710580816,2.943920288775949,36,43,1.142857142857143,0.0841120082507414,1.0285714285714285,1.2285714285714286
121,133~~~134,0.1277751016120116,0.8675745526949564,0.123124756,"This isn't where the people leave. ~~~ This is where they come in!""""",No es aquí de donde se va la gente. ~~~ ¡Aquí es donde llega!,68,18,3,3.2222222222222223,61.333333333333336,16.0,2.6666666666666665,3.125490196078432,3.6817870057290873,0.816496580927726,15,17,0.888888888888889,0.0453609211626514,0.8333333333333334,0.9444444444444444
163,182,0.1273829725881417,0.8297948141892751,0.08456076,"I want all three of them.""""",Quiero los tres.,27,9,2,2.6666666666666665,20.0,6.333333333333333,1.0,2.904761904761905,3.265986323710904,1.699673171197595,4,8,0.7037037037037037,0.1888525745775105,0.4444444444444444,0.8888888888888888
34,36,0.1270413007587194,0.7800414562225342,0.034124058,"I'll get off this old planet,","Me iré de este viejo planeta,",29,8,1,3.0,29.0,6.666666666666667,1.0,3.6746031746031744,0.0,0.4714045207910317,6,7,0.8333333333333334,0.0589255650988789,0.75,0.875
35,37,0.1268378694852193,0.835421641667684,0.08909738,Let some sweet baby have my place.,Y que una dulce nena ocupe mi lugar.,34,8,1,3.5,39.0,9.0,1.0,3.555555555555556,2.160246899469287,0.0,9,9,1.125,0.0,1.125,1.125
4,5,0.126350965971748,0.7896486471096674,0.04235058,So was old age.,La vejez también.,15,5,1,2.4,22.33333333333333,5.333333333333333,1.0,3.583333333333333,3.858612300930076,0.9428090415820634,4,6,1.0666666666666669,0.1885618083164126,0.8,1.2
156,172~~~173,0.1250825754056374,0.7813234875599543,0.03148864,"""Would you like to go back to the good old days, when the population of the Earth was twenty billion—about to become forty billion, then eighty billion, then one hundred and sixty billion? ~~~ Do you know what a drupelet is, Mr. Wehling?"" said Hitz.","-¿Le gustaría volver a los viejos buenos tiempos, cuando la población de la Tierra era de veintidós mil millones… a punto de convertirse en cuarenta mil millones, después ochenta mil millones, después ciento sesenta mil millones? ~~~ ¿Sabe lo que es una drupéola? ~~~ –dijo Hitz. ~~~ -No –dijo Wehling malhumorado.",249,55,4,3.763636363636364,290.0,56.0,4.0,4.323458310527276,17.281975195754296,1.632993161855452,54,58,1.018181818181818,0.0296907847610081,0.9818181818181818,1.0545454545454545
143,158~~~159,0.1236293291052182,0.7902152289946874,0.037473887,"Present,"""" he said. ~~~ ""Oh, Mr. Wehling,"" said Dr. Hitz, ""I didn't see you.""","-Presente –dijo. ~~~ -Oh, señor Wehling –dijo el Dr. Hitz-. ~~~ No lo vi.",77,27,5,2.592592592592593,74.66666666666667,23.0,4.0,2.8372649572649578,3.0912061651652345,3.559026084010437,18,26,0.8518518518518517,0.1318157808892754,0.6666666666666666,0.9629629629629628
42,44~~~45,0.1222606201966603,0.79481174548467,0.039332986,"He was referring to one of the male figures in white, whose head was a portrait of Dr. Benjamin Hitz, the hospital's Chief Obstetrician. ~~~ Hitz was a blindingly handsome man.","Se estaba reﬁriendo a una de las ﬁguras masculinas de blanco, cuya cabeza era un retrato del Dr. Benjamin Hitz, el obstetra en jefe del hospital. ~~~ Hitz era un hombre apuesto hasta el encandilamiento.",176,36,3,4.055555555555555,200.33333333333331,38.0,3.0,4.397435897435897,4.642796092394706,1.4142135623730951,36,39,1.0555555555555554,0.0392837100659192,1.0,1.0833333333333333
111,123,0.1211131550371646,0.8786340653896332,0.120860375,"""Nothing would please me more,"" said the painter, ""than to put you next to him for all time.",-Nada me agradaría más –dijo el pintor- que ponerte cerca de él para toda la eternidad.,92,24,1,3.25,82.33333333333333,19.33333333333333,1.0,3.623669467787115,4.109609335312651,1.699673171197595,17,21,0.8055555555555557,0.0708197154665664,0.7083333333333334,0.875
2,3,0.1209317656854788,0.8570590416590372,0.09892257,"There were no prisons, no slums, no insane asylums, no cripples, no poverty, no wars.","No había prisiones, ni tugurios, ni asilos para locos, ni lisiados, ni pobreza, ni guerras.",85,21,1,3.380952380952381,87.66666666666667,19.0,1.0,3.9972480220158233,3.39934634239519,1.632993161855452,17,21,0.9047619047619048,0.0777615791359739,0.8095238095238095,1.0
108,120,0.1208441350609064,0.8098265528678894,0.051514823,"It was the portrait of a tanned, white-haired, omnipotent Zeus, two hundred and forty years old.","Era el retrato de un Zeus tostado, canoso, omnipotente, de doscientos años de edad-.",96,20,1,4.05,88.33333333333333,17.666666666666668,1.0,4.20806100217865,4.784233364802441,0.4714045207910317,17,18,0.8833333333333333,0.0235702260395516,0.85,0.9
98,108,0.1196998444696267,0.8403131713469824,0.07971286,"You say you don't know anything about art, and then you prove in the next breath that you know more about it than I do!""""","-Dices que no sabes nada sobre arte, ¡y un aliento después demuestras saber más que yo!",121,30,2,3.3,99.66666666666669,22.33333333333333,1.0,3.702777777777778,9.104333522498443,3.0912061651652345,18,25,0.7444444444444445,0.1030402055055078,0.6,0.8333333333333334
207,232,0.1196686488886674,0.842069630821546,0.08140693,"Thank you, sir,"""" said the hostess.","-Gracias, señor –dijo la azafata-.",35,11,1,2.909090909090909,35.0,9.0,1.0,3.595238095238095,1.4142135623730951,1.4142135623730951,7,10,0.8181818181818182,0.1285648693066449,0.6363636363636364,0.9090909090909092
141,156,0.1193463883052269,0.8182463298241297,0.056939106,"Edward K. Wehling, Jr., is the name of the happy father-to-be.""""","Edward K. Wehling, Jr. Es el nombre del futuro padre feliz.",64,16,4,3.5,62.0,14.666666666666666,3.0,3.581410256410257,2.160246899469287,1.247219128924647,13,16,0.9166666666666666,0.0779511955577904,0.8125,1.0
190,212,0.117823331306378,0.8350660155216852,0.07071268,"The painter sat on the top of his stepladder, looking down reflectively on the sorry scene.","El pintor se sentó sobre la parte superior de la escalera de tijera, mirando reflexivo la triste escena.",91,18,1,4.222222222222222,102.66666666666669,19.33333333333333,1.0,4.467543859649123,3.39934634239519,0.4714045207910317,19,20,1.0740740740740742,0.0261891400439462,1.0555555555555556,1.1111111111111112
68,76,0.1176056787371635,0.8122627586126328,0.047474116,"Her shoes, stockings, trench coat, bag and overseas cap were all purple, the purple the painter called """"the color of grapes on Judgment Day.""""","Sus zapatos, medias, gabardina y gorra de ultramar eran todos color morado, el morado que el pintor llamaba “el color de las uvas el Día del Juicio Final”.",143,33,2,3.757575757575758,160.0,36.333333333333336,1.0,3.635651131007168,7.071067811865476,1.699673171197595,34,38,1.101010101010101,0.0515052476120483,1.0303030303030305,1.1515151515151516
37,39,0.1175135013957818,0.8374788661797842,0.07250587,"Looks so real,"""" he said, """"I can practically imagine I'm standing in the middle of it.""""",-Parece tan real –dijo-. ~~~ Prácticamente puedo imaginar que estoy ahí.,89,26,2,3.076923076923077,82.66666666666667,18.0,1.3333333333333333,4.111172161172161,7.93025150224688,3.559026084010437,13,21,0.6923076923076922,0.136885618615786,0.5,0.8076923076923077
159,178,0.1165142059326171,0.8224262595176697,0.05545467,Wehling continued to stare at the same spot on the wall.,Wehling siguió mirando con ojos vacíos el mismo punto de la pared.,56,12,1,3.8333333333333335,56.66666666666666,11.0,1.0,4.343589743589744,6.599663291074444,1.4142135623730951,10,13,0.9166666666666666,0.1178511301977578,0.8333333333333334,1.0833333333333333
26,28,0.1159301996231079,0.8073263168334961,0.039186716,"Every plant had all the loam, light, water, air and nourishment it could use.","Cada planta tenía toda la tierra preparada, la luz, el agua y los nutrientes que podía usar.",77,18,1,3.555555555555556,88.33333333333333,20.0,1.0,3.655555555555555,6.649979114420002,1.632993161855452,18,22,1.1111111111111112,0.0907218423253029,1.0,1.2222222222222223
91,99~~~100,0.1155998731652895,0.8552362273136774,0.08643597,"Gee,"""" she said, """"they're all the same to me. ~~~ I don't know anything about art.""""","-Ufff- dijo-, para mí son todos iguales. ~~~ No sé nada sobre arte.",85,28,3,2.7142857142857144,69.66666666666667,19.33333333333333,2.0,3.08234126984127,2.494438257849294,2.3570226039551585,16,21,0.6904761904761904,0.0841793787126842,0.5714285714285714,0.75
39,41,0.1153877942512432,0.8305477748314539,0.061323363,He gave a satiric smile.,Le dirigió una sonrisa satírica-.,24,6,1,3.333333333333333,28.666666666666668,5.333333333333333,1.0,4.7444444444444445,3.2998316455372216,0.4714045207910317,5,6,0.888888888888889,0.0785674201318386,0.8333333333333334,1.0
71,79,0.1145867065836985,0.8252802391846975,0.054453652,"A curious thing about gas-chamber hostesses was that, no matter how lovely and feminine they were when recruited, they all sprouted mustaches within five years or so.","Algo curioso en las azafatas de la cámara de gas era que, sin importar lo encantadoras y femeninas que fueran cuando las reclutaban, a todas les crecía bigote en unos cinco años.",166,30,1,4.666666666666667,183.0,35.0,1.0,4.358605664488017,5.715476066494082,0.816496580927726,34,36,1.1666666666666667,0.0272165526975908,1.1333333333333333,1.2
150,166,0.1139406226575374,0.841333419084549,0.069214664,"What man in my shoes wouldn't be happy?"""" said Wehling.",-¿Qué hombre en mis zapatos estaría feliz? ~~~ –dijo Wehling.,55,15,2,3.2,59.333333333333336,14.0,2.0,3.6666666666666665,1.247219128924647,1.4142135623730951,12,15,0.9333333333333332,0.0942809041582063,0.8,1.0
198,222,0.1112681689361731,0.8412584314743677,0.06379477,"He took Wehling's pistol, really intending to shoot himself.","Tomó la pistola de Wehling, con la intención real de pegarse un tiro.",60,12,1,4.333333333333333,65.0,13.666666666666666,1.0,3.996825396825397,3.265986323710904,1.247219128924647,12,15,1.138888888888889,0.1039349274103872,1.0,1.25
114,126,0.1099477012952168,0.9029708405335743,0.12286624,She was demure about what she did.,Era recatada con lo que hacía.,34,8,1,3.5,34.666666666666664,7.666666666666667,1.0,3.732142857142857,3.39934634239519,0.4714045207910317,7,8,0.9583333333333334,0.0589255650988789,0.875,1.0
208,233,0.1094235262523095,0.8424090097347895,0.061256062,"""Your city thanks you; your country thanks you; your planet thanks you.","Su ciudad le agradece, su país le agradece, su planeta le agradece.",71,16,1,3.8125,70.66666666666667,16.666666666666668,1.0,3.5580409356725142,4.496912521077347,1.699673171197595,15,19,1.0416666666666667,0.1062295731998496,0.9375,1.1875
84,92,0.1091128898163636,0.8448396523793539,0.06306543,He took a list of names from his smock pocket.,Sacó una lista de nombres del bolsillo de su guardapolvo.,46,11,1,3.363636363636364,54.66666666666666,11.0,1.0,4.151515151515151,1.699673171197595,0.0,11,11,1.0,0.0,1.0,1.0
169,188,0.1074316060791413,0.841234932343165,0.056098145,"""What?"" said Dr. Hitz.",-¿Qué? ~~~ –dijo el Dr. Hetz.,22,8,3,2.625,29.0,9.0,3.0,2.7925925925925923,0.0,0.816496580927726,8,10,1.125,0.1020620726159657,1.0,1.25
106,118,0.1070487884183724,0.8603486766417822,0.07444625,"""Ah, You... you admire him, eh?"" he said.","-Ah, lo admiras, ¿eh?",41,15,3,2.4,31.666666666666668,11.666666666666666,2.0,2.329365079365079,8.993825042154695,3.6817870057290873,7,16,0.7777777777777777,0.2454524670486058,0.4666666666666667,1.0666666666666669
3,4,0.1069936429460843,0.8825704505046209,0.09655774,All diseases were conquered.,Se había derrotado todas las enfermedades.,28,5,1,5.0,44.333333333333336,6.666666666666667,1.0,5.976190476190475,2.6246692913372702,0.4714045207910317,6,7,1.3333333333333333,0.0942809041582063,1.2,1.4
103,115,0.1066194251179695,0.8590378016233444,0.07227665,"""That upsets you?"" he said.",-¿Te molesta? ~~~ –dijo él.,27,9,2,2.7777777777777777,32.333333333333336,9.0,2.0,3.1619047619047618,4.988876515698588,1.4142135623730951,7,10,1.0,0.1571348402636772,0.7777777777777778,1.1111111111111112
38,40,0.1054604668170213,0.8222827762365341,0.03320371,"What makes you think you're not in it?"""" said the painter.",-¿Qué te hace pensar que no estás ahí? ~~~ –dijo el pintor.,58,16,2,3.125,59.66666666666666,15.666666666666666,2.0,3.140406162464986,2.494438257849294,1.247219128924647,14,17,0.9791666666666666,0.0779511955577904,0.875,1.0625
188,210,0.1054461213449637,0.8977606693903605,0.10865291,Nobody came running.,Nadie llegó corriendo.,20,4,1,4.5,21.33333333333333,4.0,1.0,4.833333333333333,0.4714045207910317,0.0,4,4,1.0,0.0,1.0,1.0
86,94,0.1047220987578232,0.8875975807507833,0.09704178,Yes—here you are.,"Sí, acá estás.",17,4,1,3.75,15.333333333333334,5.0,1.0,2.8000000000000003,1.247219128924647,0.816496580927726,4,6,1.25,0.2041241452319315,1.0,1.5
186,208,0.1039961104591687,0.8822537114222845,0.09024593,"There! Room for two.""""",¡Ya está! ~~~ Espacio para dos.,22,8,3,2.625,30.33333333333333,8.666666666666666,2.6666666666666665,3.083333333333333,0.9428090415820634,0.4714045207910317,8,9,1.0833333333333333,0.0589255650988789,1.0,1.125
165,184,0.1038044902185599,0.8761798093716303,0.08378879,"That's only human.""""",Es humano.,20,7,2,2.857142857142857,15.666666666666666,5.333333333333333,1.3333333333333333,2.7301587301587307,4.496912521077348,1.699673171197595,3,7,0.7619047619047619,0.2428104530282278,0.4285714285714285,1.0
185,207,0.1038043753554423,0.8541535039742788,0.061762255,"It's only death,"""" he said to her as she fell.",-Es sólo muerte –le dijo mientras caía-.,46,15,1,2.6,43.66666666666666,11.0,1.0,3.4978632478632474,3.299831645537222,2.160246899469287,8,13,0.7333333333333334,0.1440164599646191,0.5333333333333333,0.8666666666666667
176,197,0.1032077098886172,0.8884901354710261,0.094905555,"He or she is going to live on a happy, roomy, clean, rich planet, thanks to population control.","Él o ella va a vivir en un planeta feliz, amplio, limpio, rico, gracias al control de la población.",95,23,1,3.391304347826087,99.33333333333331,23.666666666666668,1.0,3.467391304347826,0.4714045207910317,0.4714045207910317,23,24,1.028985507246377,0.0204958487300448,1.0,1.0434782608695652
10,11,0.102449784365793,0.8224997421105703,0.02739931,"Wehling was fifty-six, a mere stripling in a population whose average age was one hundred and twenty-nine.","Wehling tenía cincuenta y seis años, un auténtico mocoso en una población cuya edad promedio era de ciento veintinueve años.",106,19,1,4.7368421052631575,120.33333333333331,21.666666666666668,1.0,4.694083694083694,2.6246692913372702,0.4714045207910317,21,22,1.140350877192983,0.0248107642521595,1.105263157894737,1.1578947368421053
62,70,0.1024021543562412,0.8869215399026871,0.09172585,The painter expressed with an obscenity his lack of concern for the tribulations of his survivors.,El pintor expresó con una obscenidad su falta de preocupación por las tribulaciones de sus sobrevivientes.,98,17,1,4.882352941176471,101.33333333333331,16.0,1.0,5.490196078431372,4.109609335312651,1.4142135623730951,14,17,0.9411764705882352,0.0831890330807703,0.8235294117647058,1.0
11,12,0.1023320890963077,0.886549323797226,0.0912135,X-rays had revealed that his wife was going to have triplets.,Los rayos X habían revelado que su esposa iba a tener trillizos.,61,12,1,4.25,65.33333333333333,12.666666666666666,1.0,4.329059829059829,1.8856180831641267,0.4714045207910317,12,13,1.0555555555555556,0.0392837100659192,1.0,1.0833333333333333
153,169,0.1011156638463338,0.8091741700967153,0.011405498,"Dr. Hitz became rather severe with Wehling, towered over him.","El Dr. Hitz se puso bastante severo con Wehling, se alzó sobre él.",61,12,2,4.333333333333333,67.33333333333333,15.0,2.0,3.691704374057315,7.408703590297623,1.632993161855452,13,17,1.25,0.1360827634879544,1.0833333333333333,1.4166666666666667
40,42,0.1003654363254706,0.8631272117296854,0.063858084,"It's called 'The Happy Garden of Life,' you know.""""","Se llamaEl jardín feliz de la vida, sabes.",51,15,2,3.0,47.0,13.666666666666666,1.3333333333333333,2.976388888888889,3.559026084010437,2.6246692913372702,10,16,0.9111111111111112,0.174977952755818,0.6666666666666666,1.0666666666666669
85,93,0.096943175420165,0.8599496483802795,0.053836,"Duncan, Duncan, Duncan,"""" he said, scanning the list.","-Ducan, Duncan, Duncan –dijo, revisando la lista-.",53,15,1,3.2,51.0,13.0,1.0,3.5476190476190474,0.816496580927726,1.4142135623730951,11,14,0.8666666666666666,0.0942809041582063,0.7333333333333333,0.9333333333333332
179,201,0.0941354433695475,0.8782194356123606,0.06649032,"Now centuries of peace and plenty stretch before us as far as the imagination cares to travel.""""","Ahora, siglos de paz y plenitud se extienden ante nosotros hasta donde la imaginación se atreve a viajar.",96,20,2,4.1,110.33333333333331,20.666666666666668,1.0,4.514285714285715,5.557777333511022,0.4714045207910317,20,21,1.0333333333333332,0.0235702260395516,1.0,1.05
177,198,0.0931317182257771,0.8426399081945419,0.028903345,"In a garden like that mural there.""""",En un jardín como el de este mural.,36,10,2,3.2,34.0,9.0,1.0,3.112037037037037,3.741657386773941,0.816496580927726,8,10,0.9,0.0816496580927725,0.8,1.0
76,84,0.0923745644589265,0.9040155907471976,0.08876472,"My name's Leora Duncan.""",Me llamo Leora Duncan.,24,7,2,3.142857142857143,26.0,7.0,1.3333333333333333,3.35,2.8284271247461903,1.4142135623730951,5,8,1.0,0.2020305089104421,0.7142857142857143,1.1428571428571428
136,151,0.0921522279580434,0.8786744972070059,0.06297895,"I don't think they made it,"""" she said.",-No creo que lo logren –dijo ella-.,39,13,1,2.6153846153846154,38.0,10.333333333333334,1.0,3.180555555555556,2.943920288775949,1.699673171197595,8,12,0.794871794871795,0.1307440900921226,0.6153846153846154,0.9230769230769232
83,91,0.0909254451592763,0.8781844278176626,0.060035318,"Or something,"""" said the painter.",-O algo así –dijo el pintor.,33,9,1,3.4444444444444446,27.33333333333333,8.666666666666666,1.0,2.747089947089947,1.699673171197595,1.247219128924647,7,10,0.9629629629629628,0.1385799032138497,0.7777777777777778,1.1111111111111112
9,10,0.090272935728232,0.8661392579476038,0.04668513,Not many people were born a day any more.,Ya no nacían muchas personas por día.,41,10,1,3.3,37.333333333333336,8.0,1.0,3.9166666666666665,1.247219128924647,0.0,8,8,0.8000000000000002,1.1102230246251563e-16,0.8,0.8
79,87,0.0899229384958744,0.9034713059663771,0.08331718,"""What?"" she said.",-¿Qué? ~~~ –dijo ella.,17,7,2,2.4285714285714284,22.0,7.0,2.0,2.882936507936508,0.0,0.816496580927726,6,8,1.0,0.1166423687039608,0.8571428571428571,1.1428571428571428
120,132,0.0891137750198443,0.8732975473006567,0.051525097,"What are you doing here?"""" he said.",¿Qué está haciendo aquí? ~~~ –dijo-.,35,11,2,2.8181818181818183,36.0,9.333333333333334,2.0,3.4196127946127945,3.265986323710904,1.247219128924647,8,11,0.8484848484848485,0.1133835571749679,0.7272727272727273,1.0
128,142,0.088501447190841,0.8883224328358968,0.06532533,"Guess what was just born,"""" he said.",-Adivine lo que acaba de nacer –dijo.,36,11,1,2.909090909090909,36.66666666666666,9.666666666666666,1.0,3.321969696969697,1.247219128924647,1.247219128924647,8,11,0.8787878787878788,0.1133835571749679,0.7272727272727273,1.0
154,170,0.0878864377737045,0.866844117641449,0.042616993,"You don't believe in population control, Mr. Wehling?"""" he said.","-¿No cree en el control de la población, señor Wehling? ~~~ –dijo.",64,17,3,3.3529411764705883,66.0,16.333333333333332,2.333333333333333,3.4189814814814814,2.449489742783178,1.247219128924647,15,18,0.9607843137254902,0.0733658311132145,0.8823529411764706,1.0588235294117647
209,234,0.0876975196103255,0.8967165897289912,0.07211163,"But the deepest thanks of all is from future generations.""",Pero las gracias más profundas de todas son las de las generaciones futuras.,58,12,2,4.166666666666667,76.66666666666667,14.0,1.0,4.690476190476191,0.4714045207910317,0.0,14,14,1.1666666666666667,0.0,1.1666666666666667,1.1666666666666667
109,121,0.0864863221844037,0.8779338349898657,0.05090648,"Who doesn't admire him?"""" she said again.",¿Quién no lo admira? ~~~ –volvió a decir-.,41,12,2,3.083333333333333,40.0,11.0,2.0,3.106060606060606,2.160246899469287,0.816496580927726,10,12,0.9166666666666666,0.0680413817439771,0.8333333333333334,1.0
66,74,0.0859356075525283,0.9145722687244416,0.086443484,And then he fell silent again.,Y después volvió a quedarse en silencio.,30,7,1,3.571428571428572,38.0,8.0,1.0,4.041005291005291,1.632993161855452,0.816496580927726,7,9,1.142857142857143,0.1166423687039609,1.0,1.2857142857142858
61,69,0.0853375103324651,0.887688934803009,0.058363955,"Why don't you have a little consideration for the people who have to clean up after you?""""",¿Por qué no tienes un poco de consideración por la gente que tendrá que limpiar después de ti?,90,21,2,3.619047619047619,96.66666666666669,19.666666666666668,1.6666666666666667,4.067543859649123,3.771236166328253,0.4714045207910317,19,20,0.9365079365079364,0.0224478343233824,0.9047619047619048,0.9523809523809524
149,165,0.0843457725519935,0.8556467394034067,0.024338285,"""You don't sound very happy,"" said Dr. Hitz.",-No suena usted muy feliz –dijo el Dr. Hitz.,44,13,2,3.0,41.333333333333336,11.333333333333334,2.0,3.061111111111112,2.0548046676563256,0.9428090415820634,10,12,0.8717948717948719,0.0725237724293895,0.7692307692307693,0.9230769230769232
200,224,0.0817367962251107,0.8782224307457606,0.041696023,And then he saw the telephone booth in the corner of the room.,Y entonces vio la cabina telefónica en el rincón del cuarto.,62,14,1,3.571428571428572,63.0,12.333333333333334,1.0,4.2756410256410255,2.160246899469287,0.4714045207910317,12,13,0.8809523809523809,0.0336717514850737,0.8571428571428571,0.9285714285714286
25,27,0.0785711306768159,0.8563061455885569,0.013448407,"Never, never, never—not even in medieval Holland nor old Japan—had a garden been more formal, been better tended.","Nunca, nunca, nunca –ni siquiera en la Holanda medieval o en el Japón antiguo- un jardín había sido tan formal, había estado mejor atendido.",113,22,1,4.363636363636363,132.66666666666666,26.666666666666668,1.0,4.136446886446887,5.2493385826745405,0.9428090415820634,26,28,1.2121212121212122,0.0428549564355483,1.181818181818182,1.2727272727272727
146,162,0.0778765554229418,0.9125822434822718,0.068335354,"They're all fine, and so is the mother.",Están todos bien y también la madre.,39,11,1,2.909090909090909,38.333333333333336,9.666666666666666,1.0,3.3803030303030304,2.0548046676563256,1.247219128924647,8,11,0.8787878787878788,0.1133835571749679,0.7272727272727273,1.0
161,180,0.0741199282929301,0.8761215060949326,0.024361363,"And their right, if possible, to live forever.""","Y su derecho, si era posible, de vivir para siempre.",47,12,2,3.4166666666666665,52.333333333333336,13.666666666666666,1.0,3.173992673992674,0.4714045207910317,0.4714045207910317,13,14,1.138888888888889,0.0392837100659193,1.0833333333333333,1.1666666666666667
195,218,0.0730605324109395,0.8913200696309408,0.037441134,He thought of starvation.,Pensó en el hambre.,25,5,1,4.4,20.33333333333333,5.0,1.0,3.466666666666667,1.8856180831641267,0.0,5,5,1.0,0.0,1.0,1.0
127,141,0.0729722126076619,0.9129152695337932,0.058859695,He saluted her and moved toward the door that led to the delivery rooms.,La saludó y se dirigió hacia la puerta que llevaba a las salas de parto.,72,15,1,3.933333333333333,76.33333333333333,17.0,1.3333333333333333,3.612938596491228,5.436502143433363,1.4142135623730951,16,19,1.1333333333333333,0.0942809041582063,1.0666666666666669,1.2666666666666666
72,80,0.0721024740487337,0.9040298908948898,0.04823484,"Is this where I'm supposed to come?"""" she said to the painter.",-¿Es aquí adonde se supone que tenía que venir? ~~~ –le dijo al pintor.,62,17,2,3.117647058823529,67.0,16.666666666666668,2.0,3.325980392156863,2.8284271247461903,0.4714045207910317,16,17,0.9803921568627452,0.0277296776935901,0.9411764705882352,1.0
110,122,0.0710782092064619,0.9071811884641648,0.049337607,"He was responsible for setting up the very first gas chamber in Chicago.""""""",Fue el responsable de instalar la primera cámara de gas en Chicago.,75,17,2,3.882352941176471,69.33333333333333,15.0,1.3333333333333333,3.915064102564102,2.0548046676563256,1.4142135623730951,13,16,0.8823529411764706,0.0831890330807703,0.7647058823529411,0.9411764705882352
134,149,0.0697983677188555,0.8812555323044459,0.020852268,"""Do the parents have three volunteers?"" said Leora Duncan.",-¿Tienen los padres tres voluntarios? ~~~ –dijo Leora Duncan.,58,13,2,4.0,61.0,12.0,2.0,4.516317016317017,0.0,0.816496580927726,11,13,0.923076923076923,0.0628074293021327,0.8461538461538461,1.0
183,205,0.0693150488659739,0.8925027102231979,0.031132808,"There's room for one—a great big one,"" he said.",-Hay espacio para uno… uno grande –dijo.,47,13,1,3.076923076923077,45.66666666666666,11.333333333333334,1.0,3.5705128205128207,4.921607686744467,2.357022603955158,8,13,0.8717948717948718,0.1813094310734737,0.6153846153846154,1.0
168,187,0.0691428761929273,0.916074439883232,0.054360192,"""I wish people wouldn't call it that,"" said Leora Duncan.",-Me gustaría que la gente no lo llamara así –dijo Leora Duncan.,57,15,1,3.333333333333333,64.66666666666667,15.0,1.0,3.6483660130718953,3.858612300930075,1.632993161855452,13,17,1.0,0.1088662107903634,0.8666666666666667,1.1333333333333333
28,30,0.069130261739095,0.9037932356198628,0.04205376,"If you don't like my kisses, honey,","Si no te gustan mis besos, querida",35,10,1,2.9,34.0,8.666666666666666,1.0,3.2407407407407405,0.0,0.4714045207910317,8,9,0.8666666666666667,0.0471404520791031,0.8,0.9
181,203,0.067203275548915,0.8947358677784601,0.029142419,The smile faded as he saw that Wehling had just drawn a revolver.,La sonrisa se esfumó cuando vio que Wehling acababa de extraer un revólver.,65,14,1,3.7857142857142856,74.66666666666667,14.0,1.0,4.476190476190475,2.0548046676563256,0.0,14,14,1.0,0.0,1.0,1.0
116,128,0.0655583019057909,0.8814238558212916,0.01254046,"And, while Leora Duncan was posing for her portrait, into the waitingroom bounded Dr. Hitz himself.","Y mientras Leora Duncan posaba para su retrato, en la sala se aparecía de un salto el propio Dr. Hitz.",99,19,2,4.421052631578948,101.0,21.666666666666668,2.0,3.831168831168832,2.160246899469287,0.4714045207910317,21,22,1.140350877192983,0.0248107642521595,1.105263157894737,1.1578947368421053
196,219,0.0651865440110365,0.9455297688643136,0.07590286,He knew that he would never paint again.,Sabía que nunca volvería a pintar.,40,9,1,3.6666666666666665,34.0,7.0,1.0,4.142857142857143,0.0,0.0,7,7,0.7777777777777778,0.0,0.7777777777777778,0.7777777777777778
184,206,0.0635696096966664,0.910257468620936,0.037396688,And then he shot Leora Duncan.,Y después le disparó a Leora Duncan.,30,7,1,3.571428571428572,34.666666666666664,7.666666666666667,1.0,3.797619047619048,0.9428090415820634,0.4714045207910317,7,8,1.0952380952380951,0.0673435029701473,1.0,1.1428571428571428
144,160,0.0618597570185859,0.899820496638616,0.02354001,"""The invisible man,"" said Wehling.",-El hombre invisible –dijo Wehling.,34,9,1,3.555555555555556,35.666666666666664,8.0,1.0,4.166666666666667,0.4714045207910317,1.4142135623730951,6,9,0.8888888888888888,0.1571348402636772,0.6666666666666666,1.0
55,58,0.058552215496699,0.9032221833864847,0.020326614,"""Is that a crime?"" said the painter.",-¿Eso es un crimen? ~~~ –dijo el pintor.,36,11,2,2.909090909090909,40.0,11.0,2.0,3.1025252525252527,0.0,0.816496580927726,10,12,1.0,0.0742269619025205,0.9090909090909092,1.0909090909090908
13,14,0.0584971108473837,0.8942758440971375,0.011270066,"Young Wehling was hunched in his chair, his head in his hand.","El joven Wehling estaba encorvado en su silla, con la cabeza en la mano.",61,14,1,3.571428571428572,72.0,16.0,1.0,3.6875,0.0,0.0,16,16,1.1428571428571428,0.0,1.1428571428571428,1.1428571428571428
166,185,0.057726393143336,0.912704090277354,0.028156877,"""I don't want my grandfather to die, either,"" said Wehling.",-Tampoco quiero que mi abuelo muera –dijo Wehling.,59,16,1,3.25,51.66666666666666,11.333333333333334,1.0,4.045584045584046,1.699673171197595,1.699673171197595,9,13,0.7083333333333334,0.1062295731998496,0.5625,0.8125
137,152,0.0564766520013411,0.9247986872990926,0.03775199,Nobody made three appointments with us.,Nadie hizo tres citas con nosotros.,39,7,1,4.857142857142857,35.666666666666664,7.666666666666667,1.0,4.053571428571428,0.4714045207910317,0.4714045207910317,7,8,1.0952380952380951,0.0673435029701473,1.0,1.1428571428571428
22,24,0.0563629139214754,0.9282007068395616,0.040926535,The mural he was working on depicted a very neat garden.,El mural en el que estaba trabajando representaba un jardín muy limpio.,56,12,1,3.8333333333333335,71.0,13.0,1.0,4.615384615384615,0.816496580927726,0.0,13,13,1.0833333333333333,0.0,1.0833333333333333,1.0833333333333333
189,211,0.0560799334198236,0.9439000487327576,0.056059916,"Nobody, seemingly, heard the shots.","Nadie, al parecer, oyó los disparos.",35,8,1,3.875,40.66666666666666,8.333333333333334,1.0,4.398148148148148,3.299831645537222,0.4714045207910317,8,9,1.0416666666666667,0.0589255650988789,1.0,1.125
171,190,0.0557029613604148,0.9455934514602026,0.056999374,"It gives people the wrong impression.""""",Le da a la gente una impresión equivocada.,39,9,2,4.0,42.0,10.333333333333334,1.0,3.478114478114478,1.632993161855452,0.9428090415820634,9,11,1.148148148148148,0.1047565601757848,1.0,1.2222222222222223
8,9,0.0542128728702664,0.917020857334137,0.025446603,He was the only man waiting.,Era el único hombre en espera.,28,7,1,3.2857142857142856,31.0,6.666666666666667,1.0,3.968253968253968,1.4142135623730951,0.4714045207910317,6,7,0.9523809523809524,0.0673435029701474,0.8571428571428571,1.0
33,35,0.046804909594357,0.9278094470500946,0.021419266,Why should I take up all this space?,¿Por qué ocupar todo este espacio?,36,9,1,3.2222222222222223,39.66666666666666,7.666666666666667,1.0,4.422619047619048,4.027681991198191,0.4714045207910317,7,8,0.8518518518518517,0.0523782800878923,0.7777777777777778,0.8888888888888888
1,2,0.0457193149874607,0.946305731932322,0.037744362,Everything was perfectly swell.,Todo estaba perfectamente fantástico.,31,5,1,5.6,33.0,5.0,1.0,6.0,2.8284271247461903,0.0,5,5,1.0,0.0,1.0,1.0
174,195,0.0410943307603399,0.9441597114006678,0.026348373,"""That sounds so much better,"" said Leora Duncan.",-Eso suena mucho mejor –dijo Leora Duncan.,48,12,1,3.583333333333333,42.66666666666666,10.0,1.0,3.803030303030303,0.4714045207910317,1.4142135623730951,8,11,0.8333333333333334,0.1178511301977579,0.6666666666666666,0.9166666666666666
193,216,0.0373964708608885,0.9381103118260702,0.012903254,He thought of war.,Pensó en la guerra.,18,5,1,3.0,19.666666666666668,5.0,1.0,3.333333333333333,0.9428090415820634,0.0,5,5,1.0,0.0,1.0,1.0
32,34,0.0284376194855819,0.9490531782309214,0.005928417,"If you don't want my lovin',","Si no quieres mi amor,",28,9,1,2.555555555555556,23.0,6.333333333333333,1.0,2.952380952380953,1.4142135623730951,0.4714045207910317,6,7,0.7037037037037037,0.0523782800878924,0.6666666666666666,0.7777777777777778
151,167,0.0267826517034943,0.9496110479036968,0.0031763513,He gestured with his hands to symbolize care-free simplicity.,Hizo un gesto con las manos para simbolizar la sencillez despreocupada-.,61,10,1,5.3,71.33333333333333,12.0,1.0,5.111111111111111,0.4714045207910317,0.0,12,12,1.2,0.0,1.2,1.2
29,31,0.0163027842839558,0.9673944314320884,0.0,Here's what I will do:,Esto es lo que haré:,22,7,1,2.571428571428572,20.0,6.0,1.0,2.6666666666666665,0.0,0.0,6,6,0.8571428571428571,0.0,0.8571428571428571,0.8571428571428571
